{"cameraMode":{"drawMode":0,"name":"Shaded","section":"Shading Mode"},"sceneLighting":true,"audioPlay":false,"sceneViewState":{"m_AlwaysRefresh":false,"showFog":true,"showSkybox":true,"showFlares":true,"showImageEffects":true,"showParticleSystems":true,"showVisualEffectGraphs":true,"m_FxEnabled":true},"in2DMode":false,"pivot":{"x":-0.15860748291015626,"y":-0.11024367809295654,"z":-0.29619431495666506},"rotation":{"x":-0.19287435710430146,"y":0.30393436551094057,"z":-0.0629727691411972,"w":-0.9308516979217529},"size":4.195723056793213,"orthographic":false}